PDB_code,-logKd/Ki,file,release_year
1bzc,4.92,1981-2000,1999
1bcu,3.28,1981-2000,1998
1ydr,5.52,1981-2000,1997
4tmn,10.17,1981-2000,1989
1c5z,4.01,1981-2000,2000
5tmn,8.04,1981-2000,1989
1ydt,7.32,1981-2000,1997
1qf1,7.32,1981-2000,1999
1a30,4.3,1981-2000,1998
1qkt,9.04,1981-2000,2000
4x6p,8.3,2011-2019,2015
3o9i,11.82,2011-2019,2011
3oe4,7.47,2011-2019,2011
4f3c,11.82,2011-2019,2013
4j21,7.41,2011-2019,2013
3ozs,5.33,2011-2019,2011
3zt2,2.84,2011-2019,2012
4llx,2.89,2011-2019,2014
3pxf,4.43,2011-2019,2011
4ivc,10.0,2011-2019,2013
4ivb,8.72,2011-2019,2013
3b27,5.16,2011-2019,2011
3ao4,2.07,2011-2019,2011
3utu,10.92,2011-2019,2012
3u9q,4.38,2011-2019,2011
4eor,6.3,2011-2019,2013
4f09,6.7,2011-2019,2012
3arq,6.4,2011-2019,2011
4gfm,7.22,2011-2019,2013
4mme,6.5,2011-2019,2013
3uri,9.0,2011-2019,2012
3zso,5.12,2011-2019,2012
4e6q,8.36,2011-2019,2012
2yfe,6.63,2011-2019,2012
4w9i,5.96,2011-2019,2014
2ymd,3.16,2011-2019,2012
4ivd,9.52,2011-2019,2013
3r88,4.82,2011-2019,2012
3wtj,6.53,2011-2019,2015
3up2,7.4,2011-2019,2012
4owm,2.96,2011-2019,2014
4eky,3.52,2011-2019,2012
3nw9,9.0,2011-2019,2011
3oe5,6.88,2011-2019,2011
3uev,5.89,2011-2019,2011
4kz6,3.1,2011-2019,2014
5c28,5.66,2011-2019,2015
4f2w,11.3,2011-2019,2013
4lzs,4.8,2011-2019,2014
4ea2,6.44,2011-2019,2012
4mgd,4.69,2011-2019,2014
4ciw,4.82,2011-2019,2014
4de1,5.96,2011-2019,2012
3rsx,4.41,2011-2019,2011
5a7b,3.57,2011-2019,2015
4j3l,7.8,2011-2019,2013
4jfs,5.27,2011-2019,2013
3n76,6.85,2011-2019,2011
3n86,5.64,2011-2019,2011
4ih5,4.11,2011-2019,2013
3zdg,7.1,2011-2019,2013
3aru,3.22,2011-2019,2011
3syr,5.1,2011-2019,2012
4ogj,6.79,2011-2019,2014
3arp,7.15,2011-2019,2011
3rr4,4.55,2011-2019,2012
5c2h,11.09,2011-2019,2015
3prs,7.82,2011-2019,2011
3pww,7.32,2011-2019,2011
3tsk,7.17,2011-2019,2012
4w9l,5.02,2011-2019,2014
4gid,10.77,2011-2019,2012
3uew,6.31,2011-2019,2011
4de2,4.12,2011-2019,2012
3uuo,7.96,2011-2019,2012
4qd6,8.64,2011-2019,2015
4ty7,9.52,2011-2019,2014
4f9w,6.94,2011-2019,2013
4cig,3.67,2011-2019,2014
3zsx,3.28,2011-2019,2012
4u4s,2.92,2011-2019,2014
4agp,4.69,2011-2019,2012
4kzq,6.1,2011-2019,2013
4djv,6.72,2011-2019,2012
4j28,5.7,2011-2019,2013
3ui7,9.0,2011-2019,2011
3u8k,8.66,2011-2019,2011
4ih7,5.24,2011-2019,2013
4kzu,6.5,2011-2019,2013
3twp,3.92,2011-2019,2012
4pcs,7.85,2011-2019,2014
3pyy,6.86,2011-2019,2011
4qac,9.4,2011-2019,2014
4k18,8.96,2011-2019,2013
4de3,5.52,2011-2019,2012
3u5j,5.61,2011-2019,2011
2yge,5.06,2011-2019,2011
4crc,8.72,2011-2019,2015
3ryj,7.8,2011-2019,2011
4wiv,6.26,2011-2019,2014
4agq,5.01,2011-2019,2012
4dli,5.62,2011-2019,2013
4w9c,4.65,2011-2019,2014
4jia,9.22,2011-2019,2013
4ddh,3.3,2011-2019,2013
3uo4,6.52,2011-2019,2012
4jsz,2.3,2011-2019,2013
4abg,3.57,2011-2019,2012
3b1m,8.48,2011-2019,2011
4hge,7.92,2011-2019,2012
3qgy,7.8,2011-2019,2011
3ary,6.0,2011-2019,2011
4agn,3.97,2011-2019,2012
3rlr,7.52,2011-2019,2011
3u8n,10.17,2011-2019,2011
5dwr,11.22,2011-2019,2015
5aba,2.98,2011-2019,2015
4cr9,4.1,2011-2019,2015
2yki,9.46,2011-2019,2011
2xys,7.42,2011-2019,2011
2y5h,5.79,2011-2019,2011
3wz8,5.82,2011-2019,2015
4cra,7.22,2011-2019,2015
4gr0,9.55,2011-2019,2013
3arv,5.64,2011-2019,2011
3n7a,3.7,2011-2019,2011
4twp,10.0,2011-2019,2015
3uex,6.92,2011-2019,2011
4jxs,4.74,2011-2019,2014
4bkt,3.62,2011-2019,2013
3qqs,5.82,2011-2019,2012
4gkm,5.17,2011-2019,2013
3udh,2.85,2011-2019,2012
4k77,6.63,2011-2019,2013
4rfm,10.05,2011-2019,2015
4ddk,2.29,2011-2019,2013
4m0y,6.46,2011-2019,2014
4eo8,8.15,2011-2019,2012
4e5w,7.66,2011-2019,2012
4dld,5.82,2011-2019,2012
3ueu,5.24,2011-2019,2011
4w9h,6.73,2011-2019,2014
4m0z,5.19,2011-2019,2014
3ozt,4.13,2011-2019,2011
2vkm,8.74,2001-2010,2008
3lka,2.82,2001-2010,2010
2iwx,6.68,2001-2010,2006
2j78,6.42,2001-2010,2006
2al5,8.4,2001-2010,2005
2wbg,4.45,2001-2010,2009
1yc1,6.17,2001-2010,2005
2vw5,8.52,2001-2010,2008
1q8u,5.96,2001-2010,2003
1s38,5.15,2001-2010,2004
3coy,6.02,2001-2010,2008
3f3d,7.16,2001-2010,2008
1h22,9.1,2001-2010,2002
2w4x,4.85,2001-2010,2009
1p1q,4.89,2001-2010,2003
1ps3,2.28,2001-2010,2003
3mss,4.66,2001-2010,2010
2br1,5.14,2001-2010,2005
3cj4,6.51,2001-2010,2008
2xj7,6.66,2001-2010,2010
3dd0,9.0,2001-2010,2009
2r9w,5.1,2001-2010,2008
1pxn,7.15,2001-2010,2004
1y6r,10.11,2001-2010,2005
2fvd,8.52,2001-2010,2006
2wnc,6.32,2001-2010,2009
2wer,7.05,2001-2010,2009
3p5o,7.26,2001-2010,2010
1nc1,6.12,2001-2010,2003
2hb1,3.8,2001-2010,2006
1h23,8.35,2001-2010,2002
3g31,2.89,2001-2010,2009
1nc3,5.0,2001-2010,2003
3b5r,8.77,2001-2010,2008
3kwa,4.08,2001-2010,2010
1r5y,6.46,2001-2010,2004
1k1i,6.58,2001-2010,2001
2j7h,7.19,2001-2010,2006
3kr8,8.1,2001-2010,2009
1sqa,9.21,2001-2010,2004
3d6q,3.76,2001-2010,2009
2xdl,3.1,2001-2010,2010
3ehy,5.85,2001-2010,2009
1lpg,7.09,2001-2010,2003
2zb1,6.32,2001-2010,2008
3g2z,2.36,2001-2010,2009
1q8t,4.76,2001-2010,2003
1gpn,6.48,2001-2010,2002
3gv9,2.12,2001-2010,2009
3e93,8.85,2001-2010,2008
1g2k,7.96,2001-2010,2001
3f3c,6.02,2001-2010,2008
2zda,8.4,2001-2010,2008
2xii,7.2,2001-2010,2010
2cet,8.02,2001-2010,2006
3fur,8.0,2001-2010,2009
3ag9,8.05,2001-2010,2010
3e92,8.0,2001-2010,2008
3fv2,8.11,2001-2010,2010
1o5b,5.77,2001-2010,2004
1w4o,5.22,2001-2010,2005
2c3i,7.6,2001-2010,2005
1z6e,9.72,2001-2010,2006
3f3e,7.7,2001-2010,2008
2p15,10.3,2001-2010,2007
3kgp,2.57,2001-2010,2009
1z95,7.12,2001-2010,2005
2xbv,8.43,2001-2010,2010
1u1b,7.8,2001-2010,2005
1uto,2.27,2001-2010,2004
3jya,6.89,2001-2010,2009
3b65,9.27,2001-2010,2008
2wca,5.6,2001-2010,2009
1e66,9.89,2001-2010,2001
3bv9,5.36,2001-2010,2008
1vso,4.72,2001-2010,2007
3gr2,2.52,2001-2010,2009
3ge7,8.7,2001-2010,2009
2qbr,6.33,2001-2010,2008
3gbb,6.9,2001-2010,2009
3b68,8.4,2001-2010,2008
3dxg,2.4,2001-2010,2009
2wtv,8.74,2001-2010,2010
3d4z,4.89,2001-2010,2008
3g2n,4.09,2001-2010,2010
3gy4,5.1,2001-2010,2010
2pog,9.54,2001-2010,2007
3jvs,6.54,2001-2010,2009
1owh,7.4,2001-2010,2003
2cbv,5.48,2001-2010,2006
2qnq,6.11,2001-2010,2008
2zy1,7.4,2001-2010,2009
1eby,9.7,2001-2010,2002
1syi,5.44,2001-2010,2005
2qe4,7.96,2001-2010,2007
1nvq,8.25,2001-2010,2003
2v00,3.66,2001-2010,2007
2qbp,8.4,2001-2010,2008
3l7b,2.4,2001-2010,2010
2weg,6.5,2001-2010,2009
1o0h,5.92,2001-2010,2003
1z9g,5.64,2001-2010,2005
2v7a,8.3,2001-2010,2007
2zcr,6.87,2001-2010,2008
1mq6,11.15,2001-2010,2003
3myg,10.7,2001-2010,2010
2x00,11.33,2001-2010,2010
2brb,4.86,2001-2010,2005
3fv1,9.3,2001-2010,2010
3gc5,7.26,2001-2010,2009
3dx1,3.58,2001-2010,2009
1gpk,5.37,2001-2010,2002
2vvn,7.3,2001-2010,2008
2xb8,7.59,2001-2010,2010
2xnb,6.83,2001-2010,2010
2zcq,8.82,2001-2010,2008
1o3f,7.96,2001-2010,2003
3nq9,4.03,2001-2010,2010
1oyt,7.24,2001-2010,2003
3e5a,8.23,2001-2010,2008
1p1n,6.8,2001-2010,2003
3dx2,6.82,2001-2010,2009
3fcq,2.77,2001-2010,2009
3g0w,9.52,2001-2010,2009
2qbq,7.44,2001-2010,2008
3bgz,6.26,2001-2010,2007
3acw,4.76,2001-2010,2010
3ejr,8.57,2001-2010,2009
3ivg,4.3,2001-2010,2009
2fxs,6.06,2001-2010,2007
2p4y,9.0,2001-2010,2008
3f3a,4.19,2001-2010,2008
2w66,4.05,2001-2010,2009
3nx7,8.1,2001-2010,2010
3coz,5.57,2001-2010,2008
3k5v,6.3,2001-2010,2010
3ebp,5.91,2001-2010,2009
2wvt,6.12,2001-2010,2010
2wn9,8.52,2001-2010,2009
3jvr,5.72,2001-2010,2009
3gnw,9.1,2001-2010,2009
