PDB_code,-logKd/Ki,set_id,data_id
1g2k,7.96,set2,29
1gpk,5.37,set2,36
1h22,9.1,set2,42
1h23,8.35,set2,43
1nc1,6.12,set2,67
1nc3,5.0,set2,68
1p1n,6.8,set2,78
1ps3,2.28,set2,81
1r5y,6.46,set2,87
1s38,5.15,set2,88
1syi,5.48,set2,96
1yc1,6.17,set2,130
1z95,7.12,set2,132
2brb,4.86,set2,150
2fvd,8.52,set2,175
2hb1,3.8,set2,182
2iwx,6.68,set2,192
2j78,6.42,set2,196
1eby,9.7,set2,207
1qkt,9.04,set2,224
1xl5,7.35,set2,260
1y93,2.1,set2,261
4ubp,5.59,set2,262
1q0y,9.0,set2,269
1s7y,5.85,set2,271
1txf,7.24,set2,274
1uld,5.35,set2,276
1uzv,5.18,set2,277
1zhx,7.26,set2,278
2dm5,2.99,set2,281
1q6e,2.62,set2,283
1q6g,2.06,set2,284
1xw6,5.62,set2,286
1w6o,3.34,set1,1
2arb,4.41,set1,2
2are,3.28,set1,3
2pog,9.54,set1,33
1vso,4.72,set1,51
2b3f,6.03,set1,78
2bbf,5.1,set1,79
2idz,9.4,set1,86
2ihk,4.16,set1,87
2ilz,5.4,set1,88
2jff,3.62,set1,91
2otz,3.63,set1,93
2ou0,3.23,set1,94
2pjo,0.05,set1,96
2pzv,3.87,set1,97
2q3c,5.3,set1,98
2qeh,8.62,set1,102
2qvu,6.44,set1,103
2r3d,-0.15,set1,104
2rde,7.01,set1,106
2v8q,4.61,set1,107
3bgz,6.26,set1,110
2v8y,5.71,set1,111
2jgb,5.61,set1,113
1uto,2.27,set1,122
1ukb,3.19,set1,123
2cjp,3.1,set1,126
2add,2.46,set1,129
2p3t,11.3,set1,141
2p4y,9.0,set1,143
2q6m,6.29,set1,149
2qbq,7.44,set1,151
2qbr,6.33,set1,152
2qnq,6.11,set1,164
2rca,7.79,set1,173
2v7t,7.48,set1,182
2v7u,5.9,set1,183
2v7v,6.66,set1,184
2vhw,5.09,set1,187
2vkm,8.74,set1,189
2vw5,8.52,set1,195
2z8f,4.96,set1,197
2zlz,2.68,set1,198
3c7i,5.64,set1,215
3e92,8.0,set1,230
3ene,6.24,set1,234
3f3d,6.63,set1,237
3f4j,3.49,set1,239
